acquisition_week,acquisition_channel,week_index,cohort_users,active_users,purchasing_users,orders,revenue,retention_rate,purchase_rate,revenue_per_cohort_user,weeks_observed
2024-09-09,Organic Search,1,2390,532,14,14.0,804.37,0.2226,0.0059,0.34,11
2024-09-30,Paid,0,3552,3552,34,35.0,2374.14,1.0,0.0096,0.67,8
2024-11-25,Direct,0,5610,5610,162,167.0,11945.22,1.0,0.0289,2.13,0
2024-10-07,Paid,5,3499,44,6,6.0,375.07,0.0126,0.0017,0.11,7
2024-09-23,Affiliate,1,304,79,1,1.0,114.78,0.2599,0.0033,0.38,9
2024-11-04,Direct,0,2420,2420,35,37.0,2440.1,1.0,0.0145,1.01,3
2024-09-23,Paid,3,3501,148,6,6.0,346.09,0.0423,0.0017,0.1,9
2024-10-28,Organic Search,2,2926,275,7,7.0,465.22,0.094,0.0024,0.16,4
2024-10-21,Organic Search,1,2802,608,20,20.0,1126.36,0.217,0.0071,0.4,5
2024-09-09,Email,0,454,454,22,22.0,1645.68,1.0,0.0485,3.62,11
2024-10-07,Email,0,521,521,14,14.0,823.77,1.0,0.0269,1.58,7
2024-10-21,Paid,1,3814,782,20,20.0,1704.59,0.205,0.0052,0.45,5
2024-09-16,Affiliate,0,286,286,0,0.0,0.0,1.0,0.0,0.0,10
2024-09-30,Email,1,513,126,9,9.0,531.6,0.2456,0.0175,1.04,8
2024-09-02,Direct,2,1990,231,11,11.0,868.39,0.1161,0.0055,0.44,12
2024-10-28,Affiliate,0,305,305,2,2.0,99.78,1.0,0.0066,0.33,4
2024-09-09,Direct,1,2046,510,28,28.0,2422.4,0.2493,0.0137,1.18,11
2024-10-14,Direct,2,2277,239,7,7.0,342.29,0.105,0.0031,0.15,6
2024-11-04,Email,0,542,542,14,14.0,637.44,1.0,0.0258,1.18,3
2024-10-07,Organic Search,2,2627,268,10,11.0,584.0,0.102,0.0038,0.22,7
2024-09-23,Organic Search,6,2466,21,2,2.0,333.1,0.0085,0.0008,0.14,9
2024-11-04,Organic Search,2,2880,278,9,11.0,934.73,0.0965,0.0031,0.32,3
2024-09-23,Paid,6,3501,33,1,1.0,53.42,0.0094,0.0003,0.02,9
2024-09-30,Referral,1,766,148,1,1.0,51.17,0.1932,0.0013,0.07,8
2024-10-21,Referral,0,856,856,7,7.0,340.79,1.0,0.0082,0.4,5
2024-11-11,Referral,0,875,875,2,2.0,133.4,1.0,0.0023,0.15,2
2024-11-11,Organic Search,2,2942,268,20,20.0,1507.97,0.0911,0.0068,0.51,2
2024-09-16,Paid,2,3403,281,10,10.0,473.54,0.0826,0.0029,0.14,10
2024-09-30,Organic Search,5,2561,29,1,1.0,119.15,0.0113,0.0004,0.05,8
2024-08-26,Direct,0,259,259,7,7.0,524.31,1.0,0.027,2.02,13
2024-09-23,Organic Search,3,2466,114,5,5.0,428.5,0.0462,0.002,0.17,9
2024-10-14,Organic Search,2,2779,268,14,15.0,1013.78,0.0964,0.005,0.36,6
2024-09-30,Direct,5,2145,45,2,2.0,148.91,0.021,0.0009,0.07,8
2024-10-21,Email,5,541,14,1,1.0,119.82,0.0259,0.0018,0.22,5
2024-11-11,Email,1,592,168,10,11.0,666.97,0.2838,0.0169,1.13,2
2024-09-16,Referral,1,784,149,3,3.0,382.06,0.1901,0.0038,0.49,10
2024-09-16,Email,2,485,57,4,4.0,62.76,0.1175,0.0082,0.13,10
2024-08-26,Organic Search,1,304,90,3,3.0,425.65,0.2961,0.0099,1.4,13
2024-10-07,Affiliate,2,271,40,2,2.0,90.14,0.1476,0.0074,0.33,7
2024-10-28,Email,2,519,67,4,4.0,97.08,0.1291,0.0077,0.19,4
2024-08-26,Referral,1,91,24,1,1.0,51.36,0.2637,0.011,0.56,13
2024-09-23,Direct,8,2150,6,0,0.0,0.0,0.0028,0.0,0.0,9
2024-09-02,Paid,4,3158,63,8,9.0,654.35,0.0199,0.0025,0.21,12
2024-09-09,Affiliate,2,278,32,1,2.0,154.25,0.1151,0.0036,0.55,11
2024-09-23,Email,5,480,13,1,1.0,14.44,0.0271,0.0021,0.03,9
2024-10-07,Direct,5,2244,33,1,1.0,26.31,0.0147,0.0004,0.01,7
2024-10-21,Affiliate,4,284,10,0,0.0,0.0,0.0352,0.0,0.0,5
2024-08-26,Affiliate,1,41,12,0,0.0,0.0,0.2927,0.0,0.0,13
2024-09-09,Referral,3,764,24,0,0.0,0.0,0.0314,0.0,0.0,11
2024-09-02,Affiliate,6,280,2,0,0.0,0.0,0.0071,0.0,0.0,12
2024-09-02,Direct,10,1990,4,1,2.0,185.5,0.002,0.0005,0.09,12
2024-09-23,Direct,7,2150,7,0,0.0,0.0,0.0033,0.0,0.0,9
2024-09-16,Direct,4,1967,56,4,4.0,310.73,0.0285,0.002,0.16,10
2024-09-16,Paid,10,3403,4,1,2.0,103.3,0.0012,0.0003,0.03,10
2024-08-26,Paid,9,448,2,0,0.0,0.0,0.0045,0.0,0.0,13
2024-09-09,Referral,6,764,3,0,0.0,0.0,0.0039,0.0,0.0,11
2024-09-16,Email,10,485,2,1,1.0,114.32,0.0041,0.0021,0.24,10
2024-10-07,Referral,4,808,17,1,1.0,27.95,0.021,0.0012,0.03,7
2024-09-02,Email,4,429,23,4,4.0,175.82,0.0536,0.0093,0.41,12
2024-09-23,Referral,5,808,7,0,0.0,0.0,0.0087,0.0,0.0,9
2024-09-02,Affiliate,3,280,19,0,0.0,0.0,0.0679,0.0,0.0,12
2024-08-26,Paid,5,448,3,0,0.0,0.0,0.0067,0.0,0.0,13
2024-09-02,Referral,7,646,3,0,0.0,0.0,0.0046,0.0,0.0,12
2024-09-30,Affiliate,7,313,1,0,0.0,0.0,0.0032,0.0,0.0,8
2024-09-23,Referral,9,808,1,0,0.0,0.0,0.0012,0.0,0.0,9
2024-09-30,Affiliate,8,313,1,0,0.0,0.0,0.0032,0.0,0.0,8
2024-09-23,Email,9,480,1,0,0.0,0.0,0.0021,0.0,0.0,9
2024-08-26,Email,5,63,1,0,0.0,0.0,0.0159,0.0,0.0,13
2024-11-18,Paid,1,4161,773,50,51.0,3143.35,0.1858,0.012,0.76,1
2024-10-28,Direct,0,2410,2410,54,55.0,3585.36,1.0,0.0224,1.49,4
2024-09-02,Organic Search,0,2225,2225,35,35.0,2562.91,1.0,0.0157,1.15,12
2024-09-09,Paid,0,3303,3303,37,37.0,2656.96,1.0,0.0112,0.8,11
2024-10-14,Email,0,502,502,14,14.0,1023.19,1.0,0.0279,2.04,6
2024-09-16,Referral,3,784,28,0,0.0,0.0,0.0357,0.0,0.0,10
2024-10-07,Paid,2,3499,280,13,14.0,1071.78,0.08,0.0037,0.31,7
2024-10-28,Paid,0,3892,3892,53,53.0,3210.77,1.0,0.0136,0.82,4
2024-09-23,Paid,1,3501,681,23,24.0,1976.67,0.1945,0.0066,0.56,9
2024-10-14,Affiliate,0,325,325,6,6.0,374.73,1.0,0.0185,1.15,6
2024-11-18,Referral,1,948,150,5,5.0,443.31,0.1582,0.0053,0.47,1
2024-11-25,Referral,0,2085,2085,24,24.0,2387.13,1.0,0.0115,1.14,0
2024-11-25,Affiliate,0,750,750,20,20.0,1347.66,1.0,0.0267,1.8,0
2024-11-04,Referral,0,925,925,5,5.0,210.26,1.0,0.0054,0.23,3
2024-09-16,Organic Search,0,2502,2502,37,38.0,3148.41,1.0,0.0148,1.26,10
2024-09-23,Organic Search,1,2466,524,15,17.0,983.2,0.2125,0.0061,0.4,9
2024-10-14,Referral,0,794,794,9,9.0,662.17,1.0,0.0113,0.83,6
2024-09-30,Organic Search,2,2561,217,2,2.0,86.43,0.0847,0.0008,0.03,8
2024-11-04,Affiliate,0,346,346,7,7.0,435.85,1.0,0.0202,1.26,3
2024-10-21,Paid,3,3814,144,4,4.0,310.22,0.0378,0.001,0.08,5
2024-09-09,Direct,3,2046,107,5,6.0,425.16,0.0523,0.0024,0.21,11
2024-09-30,Email,3,513,32,6,6.0,361.28,0.0624,0.0117,0.7,8
2024-10-21,Direct,0,2324,2324,47,47.0,3043.52,1.0,0.0202,1.31,5
2024-10-21,Email,2,541,68,5,5.0,293.07,0.1257,0.0092,0.54,5
2024-10-07,Direct,2,2244,230,13,14.0,937.2,0.1025,0.0058,0.42,7
2024-10-07,Organic Search,5,2627,37,0,0.0,0.0,0.0141,0.0,0.0,7
2024-09-30,Direct,2,2145,211,15,15.0,1172.49,0.0984,0.007,0.55,8
2024-09-23,Email,2,480,64,6,6.0,365.43,0.1333,0.0125,0.76,9
2024-10-14,Paid,4,3815,82,4,4.0,398.87,0.0215,0.001,0.1,6
2024-09-02,Affiliate,1,280,74,3,3.0,460.97,0.2643,0.0107,1.65,12
2024-10-14,Organic Search,5,2779,56,5,5.0,232.46,0.0202,0.0018,0.08,6
2024-10-28,Referral,2,850,65,0,0.0,0.0,0.0765,0.0,0.0,4
2024-09-09,Organic Search,3,2390,112,4,4.0,131.17,0.0469,0.0017,0.05,11
2024-09-30,Email,6,513,6,0,0.0,0.0,0.0117,0.0,0.0,8
2024-09-02,Referral,4,646,11,0,0.0,0.0,0.017,0.0,0.0,12
2024-09-02,Direct,5,1990,32,2,2.0,137.12,0.0161,0.001,0.07,12
2024-08-26,Email,2,63,8,0,0.0,0.0,0.127,0.0,0.0,13
2024-09-16,Paid,5,3403,40,4,4.0,327.03,0.0118,0.0012,0.1,10
2024-10-21,Organic Search,3,2802,129,1,1.0,62.38,0.046,0.0004,0.02,5
2024-08-26,Paid,2,448,49,3,4.0,300.16,0.1094,0.0067,0.67,13
2024-09-09,Referral,1,764,126,2,2.0,317.22,0.1649,0.0026,0.42,11
2024-10-14,Direct,5,2277,44,5,6.0,253.04,0.0193,0.0022,0.11,6
2024-09-16,Email,5,485,11,0,0.0,0.0,0.0227,0.0,0.0,10
2024-10-07,Affiliate,5,271,5,0,0.0,0.0,0.0185,0.0,0.0,7
2024-09-23,Referral,2,808,55,1,1.0,15.17,0.0681,0.0012,0.02,9
2024-09-30,Referral,3,766,27,1,1.0,19.86,0.0352,0.0013,0.03,8
2024-08-26,Organic Search,3,304,22,2,2.0,191.75,0.0724,0.0066,0.63,13
2024-09-30,Affiliate,4,313,12,1,1.0,69.27,0.0383,0.0032,0.22,8
2024-08-26,Paid,10,448,2,0,0.0,0.0,0.0045,0.0,0.0,13
2024-09-23,Direct,4,2150,53,4,4.0,284.7,0.0247,0.0019,0.13,9
2024-08-26,Affiliate,3,41,2,0,0.0,0.0,0.0488,0.0,0.0,13
2024-09-23,Affiliate,3,304,14,2,2.0,113.04,0.0461,0.0066,0.37,9
2024-09-09,Direct,6,2046,18,1,1.0,150.15,0.0088,0.0005,0.07,11
2024-09-09,Organic Search,6,2390,16,1,1.0,53.27,0.0067,0.0004,0.02,11
2024-09-02,Paid,8,3158,9,0,0.0,0.0,0.0028,0.0,0.0,12
2024-09-02,Paid,7,3158,9,1,1.0,62.24,0.0028,0.0003,0.02,12
2024-09-16,Paid,9,3403,4,0,0.0,0.0,0.0012,0.0,0.0,10
2024-09-23,Affiliate,6,304,3,0,0.0,0.0,0.0099,0.0,0.0,9
2024-09-09,Affiliate,9,278,1,0,0.0,0.0,0.0036,0.0,0.0,11
2024-08-26,Organic Search,12,304,2,1,2.0,104.1,0.0066,0.0033,0.34,13
2024-09-16,Direct,7,1967,9,0,0.0,0.0,0.0046,0.0,0.0,10
2024-09-30,Referral,6,766,3,0,0.0,0.0,0.0039,0.0,0.0,8
2024-08-26,Referral,6,91,2,0,0.0,0.0,0.022,0.0,0.0,13
2024-09-02,Direct,9,1990,6,0,0.0,0.0,0.003,0.0,0.0,12
2024-09-16,Email,9,485,2,0,0.0,0.0,0.0041,0.0,0.0,10
2024-09-09,Paid,11,3303,4,0,0.0,0.0,0.0012,0.0,0.0,11
2024-09-16,Direct,8,1967,3,0,0.0,0.0,0.0015,0.0,0.0,10
2024-09-09,Affiliate,5,278,3,0,0.0,0.0,0.0108,0.0,0.0,11
2024-09-02,Email,7,429,3,0,0.0,0.0,0.007,0.0,0.0,12
2024-08-26,Referral,3,91,2,0,0.0,0.0,0.022,0.0,0.0,13
2024-08-26,Organic Search,6,304,4,1,1.0,31.59,0.0132,0.0033,0.1,13
2024-09-02,Organic Search,11,2225,2,1,1.0,27.95,0.0009,0.0004,0.01,12
2024-08-26,Affiliate,6,41,1,0,0.0,0.0,0.0244,0.0,0.0,13
2024-09-16,Referral,6,784,2,1,1.0,15.17,0.0026,0.0013,0.02,10
2024-10-07,Referral,7,808,1,0,0.0,0.0,0.0012,0.0,0.0,7
2024-09-02,Email,8,429,2,0,0.0,0.0,0.0047,0.0,0.0,12
2024-10-14,Organic Search,0,2779,2779,39,39.0,2926.24,1.0,0.014,1.05,6
2024-09-02,Paid,1,3158,586,19,19.0,1361.15,0.1856,0.006,0.43,12
2024-11-25,Paid,0,9343,9343,181,186.0,13392.43,1.0,0.0194,1.43,0
2024-09-16,Direct,1,1967,451,25,25.0,1615.17,0.2293,0.0127,0.82,10
2024-11-11,Organic Search,0,2942,2942,29,30.0,2486.34,1.0,0.0099,0.85,2
2024-09-16,Paid,0,3403,3403,48,49.0,2672.47,1.0,0.0141,0.79,10
2024-10-28,Email,0,519,519,25,25.0,1963.62,1.0,0.0482,3.78,4
2024-11-04,Organic Search,0,2880,2880,46,47.0,3928.39,1.0,0.016,1.36,3
2024-10-14,Direct,0,2277,2277,38,38.0,2484.02,1.0,0.0167,1.09,6
2024-11-11,Paid,1,4060,817,21,21.0,1446.6,0.2012,0.0052,0.36,2
2024-10-07,Organic Search,0,2627,2627,29,30.0,2739.7,1.0,0.011,1.04,7
2024-09-16,Email,0,485,485,19,19.0,1222.14,1.0,0.0392,2.52,10
2024-09-02,Direct,0,1990,1990,47,47.0,2753.13,1.0,0.0236,1.38,12
2024-10-28,Organic Search,0,2926,2926,38,39.0,2418.55,1.0,0.013,0.83,4
2024-11-11,Direct,1,2499,593,23,25.0,1870.28,0.2373,0.0092,0.75,2
2024-10-07,Affiliate,0,271,271,2,2.0,307.32,1.0,0.0074,1.13,7
2024-11-04,Direct,2,2420,292,15,17.0,1289.21,0.1207,0.0062,0.53,3
2024-10-14,Referral,5,794,9,0,0.0,0.0,0.0113,0.0,0.0,6
2024-09-23,Direct,3,2150,107,6,6.0,402.55,0.0498,0.0028,0.19,9
2024-10-07,Referral,1,808,143,3,3.0,511.85,0.177,0.0037,0.63,7
2024-11-04,Email,2,542,61,2,2.0,234.56,0.1125,0.0037,0.43,3
2024-09-09,Affiliate,0,278,278,2,3.0,156.27,1.0,0.0072,0.56,11
2024-09-30,Affiliate,3,313,15,0,0.0,0.0,0.0479,0.0,0.0,8
2024-10-21,Organic Search,4,2802,79,9,9.0,535.63,0.0282,0.0032,0.19,5
2024-09-23,Affiliate,4,304,18,0,0.0,0.0,0.0592,0.0,0.0,9
2024-09-30,Paid,2,3552,298,11,11.0,697.5,0.0839,0.0031,0.2,8
2024-10-14,Paid,3,3815,157,2,2.0,159.22,0.0412,0.0005,0.04,6
2024-10-21,Affiliate,1,284,66,3,3.0,191.72,0.2324,0.0106,0.68,5
2024-10-07,Email,2,521,74,3,3.0,242.42,0.142,0.0058,0.47,7
2024-10-14,Paid,6,3815,34,2,2.0,139.3,0.0089,0.0005,0.04,6
2024-09-16,Referral,4,784,14,2,2.0,137.86,0.0179,0.0026,0.18,10
2024-09-23,Paid,8,3501,9,0,0.0,0.0,0.0026,0.0,0.0,9
2024-10-21,Direct,5,2324,51,7,7.0,494.58,0.0219,0.003,0.21,5
2024-10-21,Referral,2,856,70,2,2.0,71.24,0.0818,0.0023,0.08,5
2024-09-23,Paid,7,3501,14,1,1.0,41.12,0.004,0.0003,0.01,9
2024-10-21,Paid,4,3814,97,0,0.0,0.0,0.0254,0.0,0.0,5
2024-11-18,Email,1,544,143,18,19.0,935.92,0.2629,0.0331,1.72,1
2024-08-26,Direct,2,259,42,1,1.0,58.76,0.1622,0.0039,0.23,13
2024-11-04,Paid,3,4076,144,16,16.0,954.02,0.0353,0.0039,0.23,3
2024-09-16,Organic Search,5,2502,33,2,2.0,112.97,0.0132,0.0008,0.05,10
2024-09-02,Email,1,429,111,11,12.0,1025.48,0.2587,0.0256,2.39,12
2024-09-09,Email,2,454,65,1,1.0,27.95,0.1432,0.0022,0.06,11
2024-10-14,Affiliate,5,325,7,0,0.0,0.0,0.0215,0.0,0.0,6
2024-09-16,Affiliate,2,286,30,2,2.0,60.95,0.1049,0.007,0.21,10
2024-09-09,Paid,5,3303,33,2,2.0,65.85,0.01,0.0006,0.02,11
2024-09-23,Direct,6,2150,17,0,0.0,0.0,0.0079,0.0,0.0,9
2024-10-14,Email,5,502,11,1,1.0,3.95,0.0219,0.002,0.01,6
2024-09-09,Organic Search,4,2390,45,0,0.0,0.0,0.0188,0.0,0.0,11
2024-09-02,Organic Search,5,2225,27,1,1.0,231.5,0.0121,0.0004,0.1,12
2024-09-09,Direct,4,2046,79,4,4.0,393.21,0.0386,0.002,0.19,11
2024-11-11,Referral,2,875,53,1,1.0,47.72,0.0606,0.0011,0.05,2
2024-09-23,Organic Search,7,2466,13,0,0.0,0.0,0.0053,0.0,0.0,9
2024-09-02,Referral,3,646,25,0,0.0,0.0,0.0387,0.0,0.0,12
2024-10-28,Affiliate,2,305,27,1,1.0,21.72,0.0885,0.0033,0.07,4
2024-08-26,Organic Search,4,304,12,1,1.0,75.59,0.0395,0.0033,0.25,13
2024-09-30,Email,4,513,20,3,4.0,286.98,0.039,0.0058,0.56,8
2024-09-23,Organic Search,8,2466,8,0,0.0,0.0,0.0032,0.0,0.0,9
2024-09-09,Referral,8,764,2,0,0.0,0.0,0.0026,0.0,0.0,11
2024-09-09,Referral,7,764,3,0,0.0,0.0,0.0039,0.0,0.0,11
2024-08-26,Referral,4,91,5,0,0.0,0.0,0.0549,0.0,0.0,13
2024-09-30,Referral,4,766,15,0,0.0,0.0,0.0196,0.0,0.0,8
2024-09-16,Organic Search,9,2502,4,1,1.0,137.38,0.0016,0.0004,0.05,10
2024-09-02,Affiliate,7,280,4,0,0.0,0.0,0.0143,0.0,0.0,12
2024-09-16,Affiliate,10,286,1,1,1.0,70.68,0.0035,0.0035,0.25,10
2024-09-30,Affiliate,6,313,4,0,0.0,0.0,0.0128,0.0,0.0,8
2024-09-02,Organic Search,9,2225,3,0,0.0,0.0,0.0013,0.0,0.0,12
2024-09-02,Affiliate,8,280,2,0,0.0,0.0,0.0071,0.0,0.0,12
2024-09-09,Paid,9,3303,4,0,0.0,0.0,0.0012,0.0,0.0,11
2024-09-09,Affiliate,11,278,1,0,0.0,0.0,0.0036,0.0,0.0,11
2024-09-02,Direct,11,1990,1,0,0.0,0.0,0.0005,0.0,0.0,12
2024-09-09,Email,10,454,1,0,0.0,0.0,0.0022,0.0,0.0,11
2024-09-02,Referral,6,646,1,0,0.0,0.0,0.0015,0.0,0.0,12
2024-10-07,Organic Search,1,2627,579,22,23.0,1417.61,0.2204,0.0084,0.54,7
2024-09-16,Direct,0,1967,1967,42,42.0,2857.38,1.0,0.0214,1.45,10
2024-09-02,Paid,0,3158,3158,33,33.0,2124.78,1.0,0.0104,0.67,12
2024-11-04,Organic Search,1,2880,590,19,19.0,1196.69,0.2049,0.0066,0.42,3
2024-11-11,Organic Search,1,2942,635,19,19.0,1464.08,0.2158,0.0065,0.5,2
2024-11-11,Direct,0,2499,2499,45,47.0,2845.77,1.0,0.018,1.14,2
2024-10-14,Direct,1,2277,553,23,24.0,1690.22,0.2429,0.0101,0.74,6
2024-11-11,Paid,0,4060,4060,36,37.0,2622.76,1.0,0.0089,0.65,2
2024-10-28,Organic Search,1,2926,619,17,18.0,1196.55,0.2116,0.0058,0.41,4
2024-09-02,Email,0,429,429,12,13.0,1118.66,1.0,0.028,2.61,12
2024-10-07,Referral,0,808,808,5,5.0,409.54,1.0,0.0062,0.51,7
2024-09-02,Direct,1,1990,470,22,22.0,1417.77,0.2362,0.0111,0.71,12
2024-10-07,Direct,6,2244,24,2,2.0,105.08,0.0107,0.0009,0.05,7
2024-09-16,Paid,1,3403,685,24,25.0,1749.56,0.2013,0.0071,0.51,10
2024-09-09,Organic Search,2,2390,214,8,8.0,507.82,0.0895,0.0033,0.21,11
2024-10-14,Organic Search,1,2779,620,18,20.0,1758.2,0.2231,0.0065,0.63,6
2024-09-23,Organic Search,5,2466,37,3,3.0,226.43,0.015,0.0012,0.09,9
2024-11-18,Email,0,544,544,17,17.0,1339.44,1.0,0.0313,2.46,1
2024-09-16,Affiliate,4,286,14,1,1.0,14.44,0.049,0.0035,0.05,10
2024-10-21,Paid,2,3814,295,16,18.0,1519.32,0.0773,0.0042,0.4,5
2024-10-07,Affiliate,1,271,70,3,3.0,92.79,0.2583,0.0111,0.34,7
2024-09-23,Referral,6,808,3,0,0.0,0.0,0.0037,0.0,0.0,9
2024-09-09,Direct,2,2046,229,14,14.0,825.13,0.1119,0.0068,0.4,11
2024-10-21,Email,3,541,31,4,4.0,181.1,0.0573,0.0074,0.33,5
2024-10-07,Direct,3,2244,113,1,1.0,12.3,0.0504,0.0004,0.01,7
2024-10-07,Paid,3,3499,160,2,2.0,86.86,0.0457,0.0006,0.02,7
2024-10-21,Affiliate,0,284,284,3,3.0,82.41,1.0,0.0106,0.29,5
2024-09-30,Paid,4,3552,87,6,7.0,713.4,0.0245,0.0017,0.2,8
2024-10-28,Referral,3,850,39,3,3.0,217.3,0.0459,0.0035,0.26,4
2024-08-26,Organic Search,2,304,41,1,1.0,30.48,0.1349,0.0033,0.1,13
2024-09-16,Email,1,485,115,6,7.0,446.85,0.2371,0.0124,0.92,10
2024-10-21,Organic Search,2,2802,284,14,14.0,875.4,0.1014,0.005,0.31,5
2024-09-09,Affiliate,1,278,71,3,3.0,97.05,0.2554,0.0108,0.35,11
2024-09-30,Direct,3,2145,106,5,5.0,223.39,0.0494,0.0023,0.1,8
2024-09-30,Email,2,513,58,5,6.0,880.08,0.1131,0.0097,1.72,8
2024-09-30,Direct,6,2145,22,3,3.0,231.66,0.0103,0.0014,0.11,8
2024-09-16,Referral,2,784,52,1,1.0,44.49,0.0663,0.0013,0.06,10
2024-09-09,Referral,5,764,9,0,0.0,0.0,0.0118,0.0,0.0,11
2024-11-11,Email,2,592,75,4,4.0,175.85,0.1267,0.0068,0.3,2
2024-09-30,Organic Search,3,2561,106,7,7.0,430.21,0.0414,0.0027,0.17,8
2024-08-26,Referral,2,91,15,0,0.0,0.0,0.1648,0.0,0.0,13
2024-08-26,Paid,3,448,23,3,3.0,178.72,0.0513,0.0067,0.4,13
2024-10-28,Email,1,519,144,12,12.0,637.87,0.2775,0.0231,1.23,4
2024-09-02,Organic Search,8,2225,8,1,1.0,52.99,0.0036,0.0004,0.02,12
2024-09-23,Affiliate,2,304,36,1,1.0,28.09,0.1184,0.0033,0.09,9
2024-10-07,Paid,6,3499,28,2,2.0,185.4,0.008,0.0006,0.05,7
2024-09-23,Paid,5,3501,46,3,3.0,160.69,0.0131,0.0009,0.05,9
2024-09-09,Paid,8,3303,12,2,2.0,142.5,0.0036,0.0006,0.04,11
2024-09-02,Affiliate,5,280,7,0,0.0,0.0,0.025,0.0,0.0,12
2024-10-21,Referral,4,856,18,1,1.0,71.23,0.021,0.0012,0.08,5
2024-08-26,Direct,4,259,9,2,2.0,147.06,0.0347,0.0077,0.57,13
2024-08-26,Paid,12,448,1,0,0.0,0.0,0.0022,0.0,0.0,13
2024-09-23,Referral,3,808,20,0,0.0,0.0,0.0248,0.0,0.0,9
2024-09-09,Paid,7,3303,10,0,0.0,0.0,0.003,0.0,0.0,11
2024-09-30,Referral,2,766,58,2,2.0,62.55,0.0757,0.0026,0.08,8
2024-09-30,Organic Search,6,2561,19,3,3.0,89.22,0.0074,0.0012,0.03,8
2024-09-09,Direct,10,2046,7,1,1.0,44.63,0.0034,0.0005,0.02,11
2024-09-23,Email,3,480,28,1,1.0,15.17,0.0583,0.0021,0.03,9
2024-09-16,Organic Search,7,2502,13,2,3.0,225.25,0.0052,0.0008,0.09,10
2024-09-09,Email,4,454,20,0,0.0,0.0,0.0441,0.0,0.0,11
2024-09-23,Email,6,480,8,2,2.0,93.33,0.0167,0.0042,0.19,9
2024-10-28,Affiliate,4,305,9,2,2.0,68.42,0.0295,0.0066,0.22,4
2024-09-02,Paid,11,3158,4,1,1.0,202.24,0.0013,0.0003,0.06,12
2024-09-23,Paid,9,3501,5,0,0.0,0.0,0.0014,0.0,0.0,9
2024-10-07,Email,4,521,16,0,0.0,0.0,0.0307,0.0,0.0,7
2024-09-02,Organic Search,7,2225,7,0,0.0,0.0,0.0031,0.0,0.0,12
2024-09-16,Organic Search,8,2502,8,0,0.0,0.0,0.0032,0.0,0.0,10
2024-08-26,Paid,6,448,4,0,0.0,0.0,0.0089,0.0,0.0,13
2024-08-26,Organic Search,10,304,2,0,0.0,0.0,0.0066,0.0,0.0,13
2024-09-09,Organic Search,10,2390,2,0,0.0,0.0,0.0008,0.0,0.0,11
2024-09-23,Organic Search,9,2466,3,0,0.0,0.0,0.0012,0.0,0.0,9
2024-08-26,Email,3,63,2,0,0.0,0.0,0.0317,0.0,0.0,13
2024-08-26,Affiliate,2,41,5,0,0.0,0.0,0.122,0.0,0.0,13
2024-09-30,Direct,0,2145,2145,42,42.0,3081.07,1.0,0.0196,1.44,8
2024-11-18,Organic Search,0,3062,3062,33,35.0,2612.13,1.0,0.0108,0.85,1
2024-10-07,Paid,0,3499,3499,42,43.0,2333.21,1.0,0.012,0.67,7
2024-10-14,Email,2,502,73,4,4.0,280.27,0.1454,0.008,0.56,6
2024-10-21,Email,0,541,541,17,17.0,1386.57,1.0,0.0314,2.56,5
2024-09-23,Email,0,480,480,12,12.0,910.34,1.0,0.025,1.9,9
2024-10-07,Direct,0,2244,2244,33,33.0,2325.63,1.0,0.0147,1.04,7
2024-11-18,Direct,0,2551,2551,39,39.0,2464.98,1.0,0.0153,0.97,1
2024-09-23,Direct,1,2150,477,16,16.0,1198.04,0.2219,0.0074,0.56,9
2024-09-23,Organic Search,4,2466,55,3,3.0,267.38,0.0223,0.0012,0.11,9
2024-09-09,Paid,2,3303,293,13,13.0,838.12,0.0887,0.0039,0.25,11
2024-10-28,Paid,2,3892,305,7,7.0,680.9,0.0784,0.0018,0.17,4
2024-09-30,Organic Search,0,2561,2561,35,35.0,2405.98,1.0,0.0137,0.94,8
2024-10-28,Referral,0,850,850,5,5.0,338.54,1.0,0.0059,0.4,4
2024-09-23,Referral,0,808,808,3,3.0,145.19,1.0,0.0037,0.18,9
2024-10-28,Direct,2,2410,277,15,15.0,1007.14,0.1149,0.0062,0.42,4
2024-10-07,Referral,3,808,23,0,0.0,0.0,0.0285,0.0,0.0,7
2024-10-14,Paid,1,3815,775,23,25.0,2104.37,0.2031,0.006,0.55,6
2024-09-02,Referral,1,646,118,2,2.0,232.03,0.1827,0.0031,0.36,12
2024-10-21,Direct,2,2324,251,10,10.0,706.92,0.108,0.0043,0.3,5
2024-11-04,Paid,1,4076,770,27,27.0,2143.0,0.1889,0.0066,0.53,3
2024-09-16,Direct,6,1967,18,1,1.0,26.31,0.0092,0.0005,0.01,10
2024-09-30,Paid,5,3552,40,4,4.0,205.81,0.0113,0.0011,0.06,8
2024-09-02,Organic Search,2,2225,199,7,7.0,615.22,0.0894,0.0031,0.28,12
2024-08-26,Paid,0,448,448,1,1.0,15.53,1.0,0.0022,0.03,13
2024-09-02,Paid,3,3158,120,9,10.0,640.88,0.038,0.0028,0.2,12
2024-09-02,Affiliate,4,280,12,0,0.0,0.0,0.0429,0.0,0.0,12
2024-09-30,Affiliate,1,313,73,2,2.0,181.78,0.2332,0.0064,0.58,8
2024-09-02,Paid,6,3158,20,2,2.0,210.02,0.0063,0.0006,0.07,12
2024-11-18,Affiliate,1,336,73,1,1.0,99.79,0.2173,0.003,0.3,1
2024-09-16,Organic Search,2,2502,247,8,8.0,671.45,0.0987,0.0032,0.27,10
2024-08-26,Email,0,63,63,1,1.0,237.07,1.0,0.0159,3.76,13
2024-10-14,Affiliate,2,325,37,1,1.0,71.43,0.1138,0.0031,0.22,6
2024-09-16,Direct,3,1967,76,2,2.0,234.73,0.0386,0.001,0.12,10
2024-11-11,Affiliate,1,359,75,3,3.0,237.35,0.2089,0.0084,0.66,2
2024-10-21,Affiliate,3,284,17,0,0.0,0.0,0.0599,0.0,0.0,5
2024-09-23,Paid,4,3501,81,3,3.0,368.94,0.0231,0.0009,0.11,9
2024-11-04,Referral,2,925,67,1,1.0,32.13,0.0724,0.0011,0.03,3
2024-10-07,Referral,6,808,4,0,0.0,0.0,0.005,0.0,0.0,7
2024-09-02,Email,3,429,28,2,2.0,89.36,0.0653,0.0047,0.21,12
2024-10-14,Referral,2,794,55,1,1.0,95.0,0.0693,0.0013,0.12,6
2024-09-09,Email,5,454,14,0,0.0,0.0,0.0308,0.0,0.0,11
2024-10-21,Referral,5,856,6,0,0.0,0.0,0.007,0.0,0.0,5
2024-08-26,Affiliate,7,41,1,0,0.0,0.0,0.0244,0.0,0.0,13
2024-11-04,Affiliate,2,346,28,2,2.0,213.02,0.0809,0.0058,0.62,3
2024-08-26,Organic Search,7,304,4,0,0.0,0.0,0.0132,0.0,0.0,13
2024-09-09,Organic Search,8,2390,9,0,0.0,0.0,0.0038,0.0,0.0,11
2024-09-09,Email,9,454,3,0,0.0,0.0,0.0066,0.0,0.0,11
2024-09-09,Organic Search,7,2390,13,0,0.0,0.0,0.0054,0.0,0.0,11
2024-09-09,Direct,8,2046,6,0,0.0,0.0,0.0029,0.0,0.0,11
2024-09-30,Email,8,513,3,0,0.0,0.0,0.0058,0.0,0.0,8
2024-09-16,Affiliate,9,286,1,1,1.0,250.93,0.0035,0.0035,0.88,10
2024-08-26,Direct,5,259,7,0,0.0,0.0,0.027,0.0,0.0,13
2024-09-09,Direct,7,2046,15,1,1.0,16.52,0.0073,0.0005,0.01,11
2024-08-26,Organic Search,8,304,3,0,0.0,0.0,0.0099,0.0,0.0,13
2024-09-09,Referral,4,764,12,1,1.0,27.95,0.0157,0.0013,0.04,11
2024-09-02,Organic Search,10,2225,2,0,0.0,0.0,0.0009,0.0,0.0,12
2024-09-30,Referral,7,766,4,0,0.0,0.0,0.0052,0.0,0.0,8
2024-10-07,Email,5,521,8,2,2.0,79.99,0.0154,0.0038,0.15,7
2024-09-30,Referral,8,766,1,0,0.0,0.0,0.0013,0.0,0.0,8
2024-09-16,Affiliate,5,286,7,1,1.0,29.0,0.0245,0.0035,0.1,10
2024-09-02,Email,6,429,8,0,0.0,0.0,0.0186,0.0,0.0,12
2024-08-26,Direct,9,259,4,0,0.0,0.0,0.0154,0.0,0.0,13
2024-08-26,Paid,11,448,1,0,0.0,0.0,0.0022,0.0,0.0,13
2024-09-23,Affiliate,7,304,2,0,0.0,0.0,0.0066,0.0,0.0,9
2024-09-16,Organic Search,10,2502,4,1,1.0,112.9,0.0016,0.0004,0.05,10
2024-09-30,Email,7,513,4,1,1.0,43.54,0.0078,0.0019,0.08,8
2024-09-16,Referral,7,784,1,0,0.0,0.0,0.0013,0.0,0.0,10
2024-09-09,Paid,10,3303,2,1,1.0,114.18,0.0006,0.0003,0.03,11
2024-09-23,Affiliate,8,304,1,0,0.0,0.0,0.0033,0.0,0.0,9
2024-08-26,Referral,8,91,1,0,0.0,0.0,0.011,0.0,0.0,13
2024-09-16,Referral,8,784,1,0,0.0,0.0,0.0013,0.0,0.0,10
2024-10-21,Paid,0,3814,3814,54,56.0,3643.21,1.0,0.0142,0.96,5
2024-09-16,Affiliate,1,286,63,2,2.0,178.75,0.2203,0.007,0.63,10
2024-11-04,Direct,1,2420,573,33,34.0,2173.34,0.2368,0.0136,0.9,3
2024-09-09,Organic Search,0,2390,2390,27,27.0,1926.51,1.0,0.0113,0.81,11
2024-09-09,Direct,0,2046,2046,45,46.0,2618.65,1.0,0.022,1.28,11
2024-11-11,Email,0,592,592,17,19.0,1280.07,1.0,0.0287,2.16,2
2024-09-30,Paid,1,3552,708,22,24.0,1519.49,0.1993,0.0062,0.43,8
2024-08-26,Organic Search,0,304,304,7,7.0,490.54,1.0,0.023,1.61,13
2024-10-21,Affiliate,2,284,25,0,0.0,0.0,0.088,0.0,0.0,5
2024-09-30,Referral,0,766,766,3,3.0,254.72,1.0,0.0039,0.33,8
2024-10-21,Organic Search,0,2802,2802,37,38.0,2734.22,1.0,0.0132,0.98,5
2024-11-11,Paid,2,4060,362,22,22.0,2058.66,0.0892,0.0054,0.51,2
2024-10-21,Direct,3,2324,139,12,12.0,580.54,0.0598,0.0052,0.25,5
2024-09-16,Direct,2,1967,171,10,11.0,950.77,0.0869,0.0051,0.48,10
2024-08-26,Direct,1,259,75,4,4.0,270.61,0.2896,0.0154,1.04,13
2024-10-14,Organic Search,4,2779,75,2,2.0,324.54,0.027,0.0007,0.12,6
2024-10-28,Affiliate,1,305,58,1,1.0,42.16,0.1902,0.0033,0.14,4
2024-09-02,Email,2,429,65,7,7.0,370.35,0.1515,0.0163,0.86,12
2024-09-16,Email,4,485,21,3,3.0,82.82,0.0433,0.0062,0.17,10
2024-09-16,Referral,0,784,784,2,2.0,33.06,1.0,0.0026,0.04,10
2024-09-30,Email,0,513,513,18,19.0,1348.97,1.0,0.0351,2.63,8
2024-10-07,Email,1,521,136,9,9.0,780.83,0.261,0.0173,1.5,7
2024-09-23,Affiliate,0,304,304,6,6.0,569.95,1.0,0.0197,1.87,9
2024-08-26,Referral,0,91,91,0,0.0,0.0,1.0,0.0,0.0,13
2024-10-07,Referral,2,808,54,0,0.0,0.0,0.0668,0.0,0.0,7
2024-10-28,Paid,3,3892,168,6,7.0,338.6,0.0432,0.0015,0.09,4
2024-11-11,Referral,1,875,155,0,0.0,0.0,0.1771,0.0,0.0,2
2024-10-28,Direct,3,2410,136,4,4.0,372.01,0.0564,0.0017,0.15,4
2024-09-09,Email,1,454,114,10,10.0,888.92,0.2511,0.022,1.96,11
2024-11-11,Direct,2,2499,259,20,20.0,1468.07,0.1036,0.008,0.59,2
2024-09-02,Paid,2,3158,252,6,6.0,439.7,0.0798,0.0019,0.14,12
2024-10-21,Referral,1,856,158,2,2.0,84.13,0.1846,0.0023,0.1,5
2024-08-26,Affiliate,0,41,41,1,1.0,24.38,1.0,0.0244,0.59,13
2024-09-16,Organic Search,3,2502,120,4,5.0,271.53,0.048,0.0016,0.11,10
2024-09-23,Email,7,480,6,2,2.0,116.88,0.0125,0.0042,0.24,9
2024-09-09,Paid,6,3303,23,0,0.0,0.0,0.007,0.0,0.0,11
2024-10-14,Referral,3,794,20,0,0.0,0.0,0.0252,0.0,0.0,6
2024-09-30,Organic Search,7,2561,12,0,0.0,0.0,0.0047,0.0,0.0,8
2024-09-09,Paid,3,3303,153,4,4.0,395.96,0.0463,0.0012,0.12,11
2024-09-30,Direct,8,2145,10,3,3.0,136.68,0.0047,0.0014,0.06,8
2024-11-04,Referral,3,925,35,1,1.0,46.71,0.0378,0.0011,0.05,3
2024-10-07,Organic Search,4,2627,67,2,2.0,428.24,0.0255,0.0008,0.16,7
2024-09-02,Direct,4,1990,60,1,1.0,56.18,0.0302,0.0005,0.03,12
2024-10-14,Email,3,502,29,0,0.0,0.0,0.0578,0.0,0.0,6
2024-09-02,Organic Search,3,2225,108,1,1.0,57.5,0.0485,0.0004,0.03,12
2024-09-30,Direct,7,2145,15,1,1.0,145.61,0.007,0.0005,0.07,8
2024-11-04,Email,1,542,137,9,9.0,583.17,0.2528,0.0166,1.08,3
2024-09-23,Direct,9,2150,4,1,1.0,211.84,0.0019,0.0005,0.1,9
2024-10-14,Affiliate,3,325,22,0,0.0,0.0,0.0677,0.0,0.0,6
2024-10-07,Paid,7,3499,16,1,1.0,17.44,0.0046,0.0003,0.0,7
2024-10-28,Organic Search,4,2926,68,11,11.0,812.51,0.0232,0.0038,0.28,4
2024-11-04,Affiliate,3,346,24,2,2.0,274.38,0.0694,0.0058,0.79,3
2024-10-14,Direct,4,2277,65,5,6.0,426.61,0.0285,0.0022,0.19,6
2024-09-16,Paid,4,3403,77,5,6.0,384.23,0.0226,0.0015,0.11,10
2024-08-26,Referral,11,91,1,0,0.0,0.0,0.011,0.0,0.0,13
2024-10-14,Email,6,502,5,1,1.0,28.09,0.01,0.002,0.06,6
2024-10-14,Paid,5,3815,47,1,1.0,142.41,0.0123,0.0003,0.04,6
2024-10-07,Direct,7,2244,19,0,0.0,0.0,0.0085,0.0,0.0,7
2024-09-23,Email,8,480,1,0,0.0,0.0,0.0021,0.0,0.0,9
2024-09-30,Affiliate,5,313,3,0,0.0,0.0,0.0096,0.0,0.0,8
2024-10-28,Email,4,519,18,5,5.0,355.41,0.0347,0.0096,0.68,4
2024-09-16,Organic Search,6,2502,19,1,1.0,115.17,0.0076,0.0004,0.05,10
2024-09-23,Direct,5,2150,27,1,1.0,85.1,0.0126,0.0005,0.04,9
2024-09-30,Organic Search,8,2561,7,1,1.0,108.37,0.0027,0.0004,0.04,8
2024-08-26,Paid,8,448,5,3,3.0,172.49,0.0112,0.0067,0.39,13
2024-09-02,Organic Search,6,2225,10,0,0.0,0.0,0.0045,0.0,0.0,12
2024-10-07,Affiliate,4,271,15,1,1.0,122.25,0.0554,0.0037,0.45,7
2024-09-09,Direct,11,2046,1,0,0.0,0.0,0.0005,0.0,0.0,11
2024-08-26,Paid,7,448,5,0,0.0,0.0,0.0112,0.0,0.0,13
2024-09-09,Affiliate,4,278,6,0,0.0,0.0,0.0216,0.0,0.0,11
2024-09-02,Paid,10,3158,3,0,0.0,0.0,0.0009,0.0,0.0,12
2024-10-14,Affiliate,6,325,3,0,0.0,0.0,0.0092,0.0,0.0,6
2024-09-02,Referral,5,646,5,0,0.0,0.0,0.0077,0.0,0.0,12
2024-09-23,Referral,7,808,2,0,0.0,0.0,0.0025,0.0,0.0,9
2024-10-14,Referral,6,794,3,0,0.0,0.0,0.0038,0.0,0.0,6
2024-09-02,Organic Search,12,2225,1,0,0.0,0.0,0.0004,0.0,0.0,12
2024-08-26,Paid,13,448,1,0,0.0,0.0,0.0022,0.0,0.0,13
2024-08-26,Organic Search,11,304,2,0,0.0,0.0,0.0066,0.0,0.0,13
2024-09-23,Referral,8,808,1,0,0.0,0.0,0.0012,0.0,0.0,9
2024-11-25,Organic Search,0,6645,6645,145,149.0,10294.43,1.0,0.0218,1.55,0
2024-09-23,Paid,0,3501,3501,33,33.0,2025.1,1.0,0.0094,0.58,9
2024-09-23,Organic Search,0,2466,2466,34,34.0,2402.44,1.0,0.0138,0.97,9
2024-09-09,Email,3,454,41,2,2.0,80.71,0.0903,0.0044,0.18,11
2024-11-18,Paid,0,4161,4161,52,52.0,3682.17,1.0,0.0125,0.88,1
2024-11-25,Email,0,1309,1309,71,72.0,5627.38,1.0,0.0542,4.3,0
2024-11-04,Affiliate,1,346,94,2,2.0,49.89,0.2717,0.0058,0.14,3
2024-09-09,Paid,1,3303,659,20,20.0,1524.44,0.1995,0.0061,0.46,11
2024-11-04,Paid,2,4076,336,16,16.0,1122.78,0.0824,0.0039,0.28,3
2024-10-14,Referral,1,794,132,3,3.0,127.9,0.1662,0.0038,0.16,6
2024-09-09,Referral,0,764,764,10,10.0,938.99,1.0,0.0131,1.23,11
2024-09-16,Organic Search,1,2502,521,13,13.0,796.73,0.2082,0.0052,0.32,10
2024-10-14,Paid,2,3815,336,17,17.0,1169.49,0.0881,0.0045,0.31,6
2024-10-28,Paid,1,3892,766,24,24.0,1487.93,0.1968,0.0062,0.38,4
2024-11-18,Referral,0,948,948,8,8.0,693.19,1.0,0.0084,0.73,1
2024-10-14,Email,1,502,147,6,6.0,481.5,0.2928,0.012,0.96,6
2024-10-14,Affiliate,1,325,79,4,4.0,253.4,0.2431,0.0123,0.78,6
2024-10-07,Direct,4,2244,54,7,7.0,285.58,0.0241,0.0031,0.13,7
2024-11-04,Referral,1,925,169,2,2.0,159.65,0.1827,0.0022,0.17,3
2024-09-30,Affiliate,2,313,32,1,1.0,184.21,0.1022,0.0032,0.59,8
2024-10-28,Direct,1,2410,574,26,27.0,1733.53,0.2382,0.0108,0.72,4
2024-09-02,Affiliate,0,280,280,1,1.0,119.68,1.0,0.0036,0.43,12
2024-09-30,Organic Search,4,2561,54,5,5.0,372.73,0.0211,0.002,0.15,8
2024-10-07,Paid,4,3499,75,4,4.0,76.98,0.0214,0.0011,0.02,7
2024-09-23,Direct,2,2150,233,4,4.0,194.23,0.1084,0.0019,0.09,9
2024-09-23,Referral,4,808,10,0,0.0,0.0,0.0124,0.0,0.0,9
2024-09-30,Paid,6,3552,31,0,0.0,0.0,0.0087,0.0,0.0,8
2024-09-16,Paid,7,3403,14,0,0.0,0.0,0.0041,0.0,0.0,10
2024-09-30,Direct,4,2145,67,6,6.0,449.62,0.0312,0.0028,0.21,8
2024-09-02,Organic Search,1,2225,489,21,22.0,1504.83,0.2198,0.0094,0.68,12
2024-10-21,Direct,1,2324,550,26,26.0,1671.78,0.2367,0.0112,0.72,5
2024-09-16,Direct,5,1967,32,2,2.0,77.09,0.0163,0.001,0.04,10
2024-10-07,Affiliate,7,271,4,0,0.0,0.0,0.0148,0.0,0.0,7
2024-09-30,Paid,3,3552,163,9,10.0,926.77,0.0459,0.0025,0.26,8
2024-11-04,Direct,3,2420,117,7,7.0,454.09,0.0483,0.0029,0.19,3
2024-11-11,Affiliate,2,359,28,1,1.0,88.59,0.078,0.0028,0.25,2
2024-10-28,Affiliate,3,305,17,2,2.0,230.32,0.0557,0.0066,0.76,4
2024-10-07,Email,3,521,33,2,2.0,56.33,0.0633,0.0038,0.11,7
2024-09-02,Paid,5,3158,37,2,2.0,88.25,0.0117,0.0006,0.03,12
2024-09-02,Referral,2,646,46,1,1.0,19.77,0.0712,0.0015,0.03,12
2024-09-02,Direct,7,1990,13,0,0.0,0.0,0.0065,0.0,0.0,12
2024-09-02,Email,5,429,9,0,0.0,0.0,0.021,0.0,0.0,12
2024-11-04,Email,3,542,36,4,4.0,369.67,0.0664,0.0074,0.68,3
2024-10-21,Email,4,541,19,4,4.0,511.09,0.0351,0.0074,0.94,5
2024-09-23,Email,4,480,16,1,1.0,19.77,0.0333,0.0021,0.04,9
2024-09-16,Affiliate,3,286,13,0,0.0,0.0,0.0455,0.0,0.0,10
2024-10-21,Referral,3,856,37,1,1.0,209.01,0.0432,0.0012,0.24,5
2024-08-26,Direct,6,259,5,0,0.0,0.0,0.0193,0.0,0.0,13
2024-08-26,Direct,3,259,19,0,0.0,0.0,0.0734,0.0,0.0,13
2024-09-16,Paid,8,3403,12,0,0.0,0.0,0.0035,0.0,0.0,10
2024-09-02,Paid,9,3158,10,1,1.0,43.54,0.0032,0.0003,0.01,12
2024-10-28,Referral,4,850,21,1,1.0,58.76,0.0247,0.0012,0.07,4
2024-10-07,Organic Search,7,2627,8,2,2.0,75.81,0.003,0.0008,0.03,7
2024-09-16,Email,8,485,1,0,0.0,0.0,0.0021,0.0,0.0,10
2024-08-26,Paid,4,448,10,2,2.0,82.8,0.0223,0.0045,0.18,13
2024-09-09,Email,6,454,7,2,2.0,106.17,0.0154,0.0044,0.23,11
2024-09-02,Direct,8,1990,6,1,1.0,39.54,0.003,0.0005,0.02,12
2024-09-16,Email,7,485,3,0,0.0,0.0,0.0062,0.0,0.0,10
2024-10-07,Email,6,521,6,1,1.0,19.77,0.0115,0.0019,0.04,7
2024-09-16,Direct,9,1967,4,0,0.0,0.0,0.002,0.0,0.0,10
2024-10-21,Affiliate,5,284,7,1,1.0,19.14,0.0246,0.0035,0.07,5
2024-10-07,Referral,5,808,8,0,0.0,0.0,0.0099,0.0,0.0,7
2024-08-26,Email,4,63,1,0,0.0,0.0,0.0159,0.0,0.0,13
2024-09-16,Affiliate,6,286,5,0,0.0,0.0,0.0175,0.0,0.0,10
2024-09-09,Affiliate,7,278,1,1,1.0,83.55,0.0036,0.0036,0.3,11
2024-09-09,Affiliate,8,278,1,1,1.0,76.64,0.0036,0.0036,0.28,11
2024-09-02,Email,9,429,2,0,0.0,0.0,0.0047,0.0,0.0,12
2024-09-23,Direct,0,2150,2150,51,51.0,3861.46,1.0,0.0237,1.8,9
2024-11-04,Paid,0,4076,4076,47,47.0,2661.35,1.0,0.0115,0.65,3
2024-11-18,Organic Search,1,3062,651,29,30.0,1886.16,0.2126,0.0095,0.62,1
2024-09-02,Referral,0,646,646,1,1.0,61.13,1.0,0.0015,0.09,12
2024-10-14,Paid,0,3815,3815,46,46.0,3314.77,1.0,0.0121,0.87,6
2024-09-16,Organic Search,4,2502,53,1,1.0,19.77,0.0212,0.0004,0.01,10
2024-09-30,Affiliate,0,313,313,3,3.0,366.49,1.0,0.0096,1.17,8
2024-10-07,Paid,1,3499,699,21,21.0,1648.21,0.1998,0.006,0.47,7
2024-09-30,Organic Search,1,2561,550,19,19.0,1361.87,0.2148,0.0074,0.53,8
2024-11-18,Affiliate,0,336,336,4,5.0,230.38,1.0,0.0119,0.69,1
2024-09-02,Direct,3,1990,98,5,5.0,442.5,0.0492,0.0025,0.22,12
2024-11-11,Affiliate,0,359,359,6,6.0,451.78,1.0,0.0167,1.26,2
2024-10-28,Direct,4,2410,79,10,10.0,470.76,0.0328,0.0041,0.2,4
2024-09-23,Paid,2,3501,285,13,13.0,899.87,0.0814,0.0037,0.26,9
2024-09-30,Direct,1,2145,494,28,28.0,1554.93,0.2303,0.0131,0.72,8
2024-11-18,Direct,1,2551,557,36,39.0,3052.89,0.2183,0.0141,1.2,1
2024-09-23,Organic Search,2,2466,228,8,9.0,498.77,0.0925,0.0032,0.2,9
2024-09-09,Referral,2,764,54,3,3.0,140.35,0.0707,0.0039,0.18,11
2024-10-28,Paid,4,3892,85,7,7.0,271.98,0.0218,0.0018,0.07,4
2024-10-28,Referral,1,850,161,8,8.0,478.12,0.1894,0.0094,0.56,4
2024-10-07,Direct,1,2244,574,36,36.0,2536.48,0.2558,0.016,1.13,7
2024-10-21,Email,1,541,144,12,13.0,1218.32,0.2662,0.0222,2.25,5
2024-08-26,Paid,1,448,130,3,3.0,184.34,0.2902,0.0067,0.41,13
2024-10-28,Organic Search,3,2926,144,4,4.0,224.28,0.0492,0.0014,0.08,4
2024-09-09,Paid,4,3303,75,2,2.0,63.2,0.0227,0.0006,0.02,11
2024-10-07,Organic Search,6,2627,20,1,1.0,8.34,0.0076,0.0004,0.0,7
2024-09-02,Affiliate,2,280,34,1,1.0,228.09,0.1214,0.0036,0.81,12
2024-09-23,Referral,1,808,159,1,1.0,51.49,0.1968,0.0012,0.06,9
2024-10-14,Organic Search,3,2779,142,9,9.0,574.63,0.0511,0.0032,0.21,6
2024-09-16,Paid,3,3403,123,3,3.0,154.34,0.0361,0.0009,0.05,10
2024-09-02,Direct,6,1990,25,0,0.0,0.0,0.0126,0.0,0.0,12
2024-09-09,Organic Search,9,2390,3,0,0.0,0.0,0.0013,0.0,0.0,11
2024-10-14,Direct,6,2277,30,5,5.0,262.05,0.0132,0.0022,0.12,6
2024-09-23,Email,1,480,115,4,4.0,233.89,0.2396,0.0083,0.49,9
2024-10-07,Organic Search,3,2627,105,2,3.0,136.32,0.04,0.0008,0.05,7
2024-09-09,Direct,5,2046,29,2,2.0,114.24,0.0142,0.001,0.06,11
2024-09-16,Email,3,485,29,4,4.0,215.05,0.0598,0.0082,0.44,10
2024-10-07,Affiliate,6,271,9,0,0.0,0.0,0.0332,0.0,0.0,7
2024-10-21,Direct,4,2324,83,3,3.0,169.03,0.0357,0.0013,0.07,5
2024-10-21,Organic Search,5,2802,40,6,6.0,413.55,0.0143,0.0021,0.15,5
2024-09-30,Email,5,513,14,0,0.0,0.0,0.0273,0.0,0.0,8
2024-10-14,Direct,3,2277,142,8,11.0,545.82,0.0624,0.0035,0.24,6
2024-10-21,Paid,5,3814,47,2,2.0,77.25,0.0123,0.0005,0.02,5
2024-11-04,Organic Search,3,2880,108,9,10.0,565.2,0.0375,0.0031,0.2,3
2024-10-28,Email,3,519,31,2,2.0,140.6,0.0597,0.0039,0.27,4
2024-10-14,Affiliate,4,325,18,0,0.0,0.0,0.0554,0.0,0.0,6
2024-09-30,Paid,8,3552,11,1,2.0,181.05,0.0031,0.0003,0.05,8
2024-08-26,Email,1,63,18,2,2.0,97.69,0.2857,0.0317,1.55,13
2024-10-07,Affiliate,3,271,15,1,1.0,6.48,0.0554,0.0037,0.02,7
2024-09-09,Affiliate,3,278,19,2,2.0,114.94,0.0683,0.0072,0.41,11
2024-09-02,Organic Search,4,2225,53,2,2.0,178.14,0.0238,0.0009,0.08,12
2024-09-16,Paid,6,3403,11,0,0.0,0.0,0.0032,0.0,0.0,10
2024-09-09,Email,8,454,5,0,0.0,0.0,0.011,0.0,0.0,11
2024-08-26,Direct,8,259,4,0,0.0,0.0,0.0154,0.0,0.0,13
2024-09-09,Organic Search,5,2390,29,3,3.0,185.76,0.0121,0.0013,0.08,11
2024-10-14,Organic Search,6,2779,23,0,0.0,0.0,0.0083,0.0,0.0,6
2024-08-26,Organic Search,5,304,6,0,0.0,0.0,0.0197,0.0,0.0,13
2024-09-09,Direct,9,2046,4,0,0.0,0.0,0.002,0.0,0.0,11
2024-08-26,Direct,7,259,3,0,0.0,0.0,0.0116,0.0,0.0,13
2024-09-16,Email,6,485,5,0,0.0,0.0,0.0103,0.0,0.0,10
2024-09-09,Email,7,454,5,0,0.0,0.0,0.011,0.0,0.0,11
2024-09-30,Referral,5,766,7,0,0.0,0.0,0.0091,0.0,0.0,8
2024-10-14,Referral,4,794,13,1,1.0,134.54,0.0164,0.0013,0.17,6
2024-10-07,Email,7,521,3,1,1.0,156.97,0.0058,0.0019,0.3,7
2024-10-14,Email,4,502,14,2,2.0,125.07,0.0279,0.004,0.25,6
2024-09-16,Referral,5,784,6,0,0.0,0.0,0.0077,0.0,0.0,10
2024-09-30,Paid,7,3552,15,0,0.0,0.0,0.0042,0.0,0.0,8
2024-08-26,Referral,5,91,4,0,0.0,0.0,0.044,0.0,0.0,13
2024-09-02,Direct,12,1990,1,0,0.0,0.0,0.0005,0.0,0.0,12
2024-09-16,Affiliate,7,286,1,0,0.0,0.0,0.0035,0.0,0.0,10
2024-08-26,Organic Search,9,304,1,1,2.0,94.34,0.0033,0.0033,0.31,13
2024-09-16,Affiliate,8,286,1,0,0.0,0.0,0.0035,0.0,0.0,10
2024-09-23,Affiliate,5,304,1,0,0.0,0.0,0.0033,0.0,0.0,9
2024-09-09,Affiliate,6,278,1,0,0.0,0.0,0.0036,0.0,0.0,11
2024-09-09,Referral,10,764,1,0,0.0,0.0,0.0013,0.0,0.0,11
